nouveau_fichier,ancien_fichier,legende,credit_ou_type,source,statut_verification
image-01.png,"(c) ARN, ZAE, Laval.png",Zone d’activités économiques — Laval,architecture · © ARN,,Crédit déduit du nom de fichier fourni.
image-02.avif,028e923_1645622092670-quand-la-fleche-d-or-reveillait-l-est-parisien-m449788.avif,"La Flèche d’Or — Paris, 2002",photo : Gonzalo Quitral / Le Parisien / PHOTOPQR / Maxppp,"https://www.telerama.fr/sortir/quand-la-fleche-d-or-reveillait-l-est-parisien,157920.php",Légende et crédit vérifiés sur Télérama.
image-03.jpg,200250520_carte_oiseaux_P_Paumelle_4.jpg,Le chant des oiseaux et des enfants,cartographie sensible · Philippe Paumelle,https://www.visionscarto.net/flanerie-a-pied,Titre et auteur vérifiés sur Visionscarto.
image-04.jpg,2024.05.22_DemarcheConcertationSemailles_48_Z626460_print.jpg,"Démarche de concertation — quartier des Semailles, Lancy",photo : Nicolas Dupraz,https://www.lancy.ch/actualites/demarche-de-concertation-du-quartier-des-semailles,Crédit photographique vérifié sur le site de la Ville de Lancy.
image-05.jpg,24-Lieux de sociabilité-état 2026.jpg,Lieux de sociabilité — état 2026,cartographie · 2026,,Titre repris du nom de fichier; crédit non identifié.
image-06.jpg,675_NOVACITY_4_credit_Laurian_Ghinitoiu.jpg,NovaCity I — Anderlecht,DDS+ & bogdan · photo : Laurian Ghinitoiu,https://wbarchitectures.be/fr/architects/dds/novacity-i,Projet et crédit photographique vérifiés.
image-07.jpg,74657-124-dsc0715.jpg,Baignade et espace public au bord de l’eau,photographie,,Lieu et crédit non identifiés avec certitude.
image-08.png,Capture d’écran 2023-09-18 à 23.16.14.png,Coupe urbaine — étude de transformation,document d’étude,,Provenance et crédit non identifiés.
image-09.jpg,Dakar-développement-urbain-patrimoine-entretien-Xavier-Ricou-1.jpg,"Plan de la ville de Dakar — Pinet-Laprade, 1862",archive : Gallica,https://www.espazium.ch/fr/actualites/dakar-developpement-urbain-et-patrimoine-metisse,Légende et crédit vérifiés sur Espazium.
image-10.webp,Effets du bon gouvernements sur la campagne.webp,Effets du Bon Gouvernement sur la campagne — 1338–1339,"Ambrogio Lorenzetti · Palazzo Pubblico, Sienne",https://panoramadelart.com/analyse/allegorie-du-bon-gouvernement,"Œuvre, auteur et datation vérifiés; crédit photo spécifique non identifié."
image-11.png,Foncier-Commercial.png,Maîtrise foncière et activités commerciales,cartographie foncière,,Légende descriptive; crédit non identifié.
image-12.jpg,IMG_4486.jpg,Quartier des Semailles — Lancy,photographie de terrain,,Lieu identifié visuellement; auteur de la photographie non confirmé.
image-13.png,Planche - Historique 2008 - 2022.png,Évolution d’un rez-de-chaussée commercial — 2008–2022,images : Google Street View,,Source Google Street View indiquée dans le document.
image-14.png,Screenshot 2025-01-07 at 11.09.30.png,Équipement et paysage — Cité Balzac,référence urbaine,,Crédit non identifié.
image-15.png,Screenshot 2025-01-07 at 11.35.44.png,Habitat individuel dans un tissu dense,référence urbaine,,Lieu et crédit non identifiés avec certitude.
image-16.png,Screenshot 2025-02-25 at 14.48.20.png,Schéma d’acteurs — Ligne 3 Poissy–Orgeval,mobilité · gouvernance,,Légende dérivée du contenu lisible dans l’image; crédit non identifié.
image-17.png,Screenshot 2025-03-17 at 11.03.29.png,Yasny — lecture satellite,imagerie satellite,,Localisation dérivée du libellé visible; fournisseur d’imagerie non confirmé.
image-18.png,Screenshot 2025-03-24 at 15.07.58.png,Rive gauche du Léman — Genève,imagerie © Google,,Crédit Google visible sur la capture; localisation dérivée visuellement.
image-19.png,Screenshot 2025-03-26 at 16.05.43.png,Répartition des commerces par catégorie,datavisualisation · commerce,,Légende descriptive; crédit non identifié.
image-20.png,Screenshot 2025-09-14 at 00.54.50.png,Chaîne de valeur des rez-de-chaussée,© Urbanova,https://urba-nova.com/repenser-les-rez-de-chaussee-en-ville-dans-leur-conception-programmation-gestion-et-animation/,Titre et crédit vérifiés sur Urbanova.
image-21.png,Screenshot 2025-09-14 at 02.42.17.png,Activation d’un rez-de-chaussée en tissu dense,référence architecturale,,Projet et crédit non identifiés avec certitude.
image-22.png,Screenshot 2025-09-14 at 02.42.47.png,Habitat collectif et végétation spontanée,référence paysagère,,Projet et crédit non identifiés avec certitude.
image-23.png,Screenshot 2025-09-14 at 02.51.46.png,Vision programmatique du quartier des Semailles — Lancy,AETC · Ville de Lancy,https://www.lancy.ch/actualites/demarche-de-concertation-du-quartier-des-semailles,Étude rattachée à la démarche Semailles; attribution AETC/Ville de Lancy.
image-24.png,Screenshot 2025-09-14 at 11.11.11.png,Maquette de façade — habitat collectif,référence architecturale,,Projet et crédit non identifiés avec certitude.
image-25.png,Screenshot 2025-09-15 at 15.33.44.png,"Réseaux programmatiques — quartier des Semailles, Lancy",AETC · Ville de Lancy,https://www.lancy.ch/actualites/demarche-de-concertation-du-quartier-des-semailles,Étude rattachée à la démarche Semailles; attribution AETC/Ville de Lancy.
image-26.png,Screenshot 2025-12-15 at 23.49.55.png,Coûts et dispositifs du contrôle des frontières européennes,The Migrants Files · Follow the Money,https://www.journalismfund.eu/supported-projects?field_themes_target_id%5B44%5D=44&page=50,La visualisation correspond au projet The Migrants Files – Follow the Money; source précise de la capture à confirmer.
image-27.png,Screenshot 2026-04-14 at 14.19.12.png,Le réseau du télégraphe Chappe en France,cartographie historique,,Titre dérivé du document visible; crédit non identifié.
image-28.jpg,nomos-architects-studio-ten-tan-xiao-tanart-community.jpg,"TanArt Community — Xi’an, 2022",Nomos Architects · photo : STUDIO TEN — Tan Xiao,https://divisare.com/projects/473304-nomos-architects-studio-ten-tan-xiao-tanart-community,"Projet, architecte et photographe vérifiés."
